{
  "auroc": 0.9526530612244898,
  "average_precision": 0.9604673983688699,
  "tpr_at_fpr_1pct": 0.7857142857142857,
  "tpr_at_fpr_5pct": 0.8571428571428571,
  "calibration_curve": {
    "prob_true": [
      0.0,
      0.0,
      0.0,
      0.45454545454545453,
      0.0,
      0.3333333333333333,
      1.0,
      1.0,
      1.0,
      1.0
    ],
    "prob_pred": [
      0.035247099001570345,
      0.12872364056870028,
      0.1555813152006647,
      0.226461314055689,
      0.2748124466184127,
      0.3985417712408229,
      0.8747321504870814,
      0.9785355511144499,
      0.9977654840014814,
      0.999712797752483
    ]
  },
  "brier": 0.07803695606119991
}